scheme,run_name,experiment_id,created_at,config,summary_path,selection,selection_source,macro_f1,balanced_accuracy,accuracy,num_true,num_pseudo,pseudolabels,submission,oof_path,test_path,parse_error,uses_pseudo,uses_adapter,uses_fusion,is_smoke,is_single_refit,scale,lambda_token
scheme_01,s01_strategy_frofa_cv_20260610,,2026-06-09T23:48:25.169094+00:00,,runs/scheme_01/s01_strategy_frofa_cv_20260610/metrics/summary.json,0.5933662270993836,reported,0.5907324541987673,0.596,,,,,,,,,False,False,False,False,False,,
scheme_01,s01_full_20260610_fused_single_frofa_cv,,2026-06-09T22:50:00.443838+00:00,,runs/scheme_01/s01_full_20260610_fused_single_frofa_cv/metrics/summary.json,0.5718327835586081,reported,0.5716655671172162,0.572,,,,,,,,,False,False,False,False,False,,
scheme_01,s01_full_20260610_fused_single_bias_cv,,2026-06-09T22:51:19.283125+00:00,,runs/scheme_01/s01_full_20260610_fused_single_bias_cv/metrics/summary.json,0.5708122434266001,reported,0.5696244868532003,0.572,,,,,,,,,False,False,False,False,False,,
scheme_01,s01_full_20260610_fused_single_cv,,2026-06-09T22:49:31.598353+00:00,,runs/scheme_01/s01_full_20260610_fused_single_cv/metrics/summary.json,0.5708122434266001,reported,0.5696244868532003,0.572,,,,,,,,,False,False,False,False,False,,
scheme_01,s01_full_20260610_fused_single_structured_cv,,2026-06-09T22:52:15.084319+00:00,,runs/scheme_01/s01_full_20260610_fused_single_structured_cv/metrics/summary.json,0.5708122434266001,reported,0.5696244868532003,0.572,,,,,,,,,False,False,False,False,False,,
scheme_01,s01_full_20260610_fusion_variants_cv,,2026-06-09T22:53:51.930491+00:00,,runs/scheme_01/s01_full_20260610_fusion_variants_cv/metrics/summary.json,0.5708122434266001,reported,0.5696244868532003,0.572,,,,,,,,,False,False,True,False,False,,
scheme_01,s01_full_20260610_fused_single_cell_stats_cv,,2026-06-09T22:52:56.883584+00:00,,runs/scheme_01/s01_full_20260610_fused_single_cell_stats_cv/metrics/summary.json,0.5634542700274985,reported,0.562908540054997,0.564,,,,,,,,,False,False,False,False,False,,
scheme_01,s01_full_20260610_d4_expand_cv,,2026-06-09T22:35:38.013930+00:00,,runs/scheme_01/s01_full_20260610_d4_expand_cv/metrics/summary.json,0.523962851716921,reported,0.5239257034338423,0.5239999999999999,,,,,,,,,False,False,False,False,False,,
scheme_01,s01_full_20260610_mild_color_cv,,2026-06-09T22:40:14.048875+00:00,,runs/scheme_01/s01_full_20260610_mild_color_cv/metrics/summary.json,0.5211594389642602,reported,0.5223188779285206,0.5199999999999999,,,,,,,,,False,False,False,False,False,,
scheme_01,s01_full_20260610_d4_cv,,2026-06-09T22:22:51.262901+00:00,,runs/scheme_01/s01_full_20260610_d4_cv/metrics/summary.json,0.5127471869600086,reported,0.5134943739200174,0.5119999999999999,,,,,,,,,False,False,False,False,False,,
scheme_01,s01_full_20260610_single_cv,,2026-06-09T22:10:26.590076+00:00,,runs/scheme_01/s01_full_20260610_single_cv/metrics/summary.json,0.5012208857019091,reported,0.5024417714038183,0.4999999999999999,,,,,,,,,False,False,False,False,False,,
scheme_01,s01_full_20260610_smoke_cv,,2026-06-09T22:02:46.648270+00:00,,runs/scheme_01/s01_full_20260610_smoke_cv/metrics/summary.json,0.3177179103964818,reported,0.3154358207929636,0.31999999999999995,,,,,,,,,False,False,False,True,False,,
scheme_01,scheme01_conch_prompt_probe,,2026-06-09T22:40:09.523818+00:00,,runs/scheme_01/scheme01_conch_prompt_probe/metrics/summary.json,0.14451557831839523,reported,0.08903115663679044,0.2,,,,,,,,,False,False,False,False,False,,
scheme_02,s02b_b1_p32_seed2027_cv_20260612,,2026-06-12T12:03:07.538576+00:00,runs/scheme_02/s02b_b1_p32_seed2027_cv_20260612/metrics/resolved_config.json,runs/scheme_02/s02b_b1_p32_seed2027_cv_20260612/metrics/summary.json,0.9440139056505215,reported,0.9440278113010429,0.944,,,,,,,,,False,False,False,False,False,,
scheme_02,s02a_uni2_scale48_imgadapter_20260615,,2026-06-14T17:39:48.260676+00:00,runs/scheme_02/s02a_uni2_scale48_imgadapter_20260615/metrics/resolved_config.json,runs/scheme_02/s02a_uni2_scale48_imgadapter_20260615/metrics/summary.json,0.8007577894041249,reported,0.8015155788082498,0.8,,,,,,,,,False,True,False,False,False,48.0,
scheme_02,s02a_uni2_scale48_imgadapter_single_refit_teacher_20260616,,2026-06-16T09:11:19.336035+00:00,runs/scheme_02/s02a_uni2_scale48_imgadapter_single_refit_teacher_20260616/metrics/resolved_config.json,runs/scheme_02/s02a_uni2_scale48_imgadapter_single_refit_teacher_20260616/metrics/summary.json,0.8007577894041249,reported,0.8015155788082498,0.8,,,,,,,,,False,True,False,False,True,48.0,
scheme_02,s02a_uni2_scale48_hardw_cv_20260614,,2026-06-14T15:26:35.925991+00:00,runs/scheme_02/s02a_uni2_scale48_hardw_cv_20260614/metrics/resolved_config.json,runs/scheme_02/s02a_uni2_scale48_hardw_cv_20260614/metrics/summary.json,0.7694486491505474,reported,0.7708972983010949,0.768,,,,,,,,,False,False,False,False,False,48.0,
scheme_02,scheme02b_uni_multiscale_s48_s64_cv_20260616,,2026-06-16T05:26:05.717363+00:00,runs/scheme_02/scheme02b_uni_multiscale_s48_s64_cv_20260616/metrics/resolved_config.json,runs/scheme_02/scheme02b_uni_multiscale_s48_s64_cv_20260616/metrics/summary.json,0.7678481289485826,reported,0.767696257897165,0.768,,,,,,,,,False,False,True,False,False,,
scheme_02,s02a_uni2_scale64_head_adapter_ablation_20260615,,2026-06-14T17:30:04.745344+00:00,runs/scheme_02/s02a_uni2_scale64_head_adapter_ablation_20260615/metrics/resolved_config.json,runs/scheme_02/s02a_uni2_scale64_head_adapter_ablation_20260615/metrics/summary.json,0.7658191301677904,reported,0.7636382603355807,0.768,,,,,,,,,False,True,False,False,False,64.0,
scheme_02,s02a_uni2_scale64_hardw_cv_20260612,,2026-06-12T15:59:52.090442+00:00,runs/scheme_02/s02a_uni2_scale64_hardw_cv_20260612/metrics/resolved_config.json,runs/scheme_02/s02a_uni2_scale64_hardw_cv_20260612/metrics/summary.json,0.7509901816396662,reported,0.7499803632793324,0.752,,,,,,,,,False,False,False,False,False,64.0,
scheme_02,s02a_uni2_scale64_hardw_single_refit_20260612,,2026-06-12T16:18:18.009933+00:00,runs/scheme_02/s02a_uni2_scale64_hardw_single_refit_20260612/metrics/resolved_config.json,runs/scheme_02/s02a_uni2_scale64_hardw_single_refit_20260612/metrics/summary.json,0.7509901816396662,reported,0.7499803632793324,0.752,,,,,,,,,False,False,False,False,True,64.0,
scheme_02,s02a_uni2_scale64_cv_20260612,,2026-06-12T15:41:40.817192+00:00,runs/scheme_02/s02a_uni2_scale64_cv_20260612/metrics/resolved_config.json,runs/scheme_02/s02a_uni2_scale64_cv_20260612/metrics/summary.json,0.739904047917133,reported,0.7398080958342662,0.74,,,,,,,,,False,False,False,False,False,64.0,
scheme_02,s02a_uni2_scale80_hardw_cv_20260614,,2026-06-14T15:31:42.298581+00:00,runs/scheme_02/s02a_uni2_scale80_hardw_cv_20260614/metrics/resolved_config.json,runs/scheme_02/s02a_uni2_scale80_hardw_cv_20260614/metrics/summary.json,0.7392209919156478,reported,0.7384419838312958,0.74,,,,,,,,,False,False,False,False,False,80.0,
scheme_02,s02a_uni2_scale80_cv_20260612,,2026-06-12T15:12:00.653522+00:00,runs/scheme_02/s02a_uni2_scale80_cv_20260612/metrics/resolved_config.json,runs/scheme_02/s02a_uni2_scale80_cv_20260612/metrics/summary.json,0.7361429207196897,reported,0.7362858414393795,0.736,,,,,,,,,False,False,False,False,False,80.0,
scheme_02,s02b_uni_dualscale_s64h_s80_cv_20260612,,2026-06-12T16:13:11.944929+00:00,runs/scheme_02/s02b_uni_dualscale_s64h_s80_cv_20260612/metrics/resolved_config.json,runs/scheme_02/s02b_uni_dualscale_s64h_s80_cv_20260612/metrics/summary.json,0.7324411997852384,reported,0.7328823995704766,0.7320000000000001,,,,,,,,,False,False,True,False,False,,
scheme_02,s02b_b1_lowcap_20260611,,2026-06-10T18:17:09.525748+00:00,runs/scheme_02/s02b_b1_lowcap_20260611/metrics/resolved_config.json,runs/scheme_02/s02b_b1_lowcap_20260611/metrics/summary.json,0.7184942938219055,reported,0.7169885876438111,0.72,,,,,,,,,False,False,False,False,False,,
scheme_02,s03_pseudo_a_lam002_colorjitter_lossfix_cv,,2026-06-12T07:43:51.070901+00:00,runs/scheme_02/s03_pseudo_a_lam002_colorjitter_lossfix_cv/metrics/resolved_config.json,runs/scheme_02/s03_pseudo_a_lam002_colorjitter_lossfix_cv/metrics/summary.json,0.7177186206073041,reported,0.715437241214608,0.72,,,,artifacts/pseudolabels/s02_strategy_a_test/selected_pseudolabels.csv,,,,,True,False,False,False,False,,lam002
scheme_02,s03_pseudo_s02best_balanced_lam002_cv_20260612,,2026-06-12T13:04:54.515658+00:00,runs/scheme_02/s03_pseudo_s02best_balanced_lam002_cv_20260612/metrics/resolved_config.json,runs/scheme_02/s03_pseudo_s02best_balanced_lam002_cv_20260612/metrics/summary.json,0.7168524774389898,reported,0.7177049548779796,0.7160000000000001,,,,artifacts/pseudolabels/s02_best_test/selected_pseudolabels.csv,,,,,True,False,False,False,False,,lam002
scheme_02,s03_pseudo_a_lam001_cv,,2026-06-11T07:01:35.236799+00:00,runs/scheme_02/s03_pseudo_a_lam001_cv/metrics/resolved_config.json,runs/scheme_02/s03_pseudo_a_lam001_cv/metrics/summary.json,0.7159615167174229,reported,0.7159230334348459,0.716,,,,artifacts/pseudolabels/s02_strategy_a_test/selected_pseudolabels.csv,,,,,True,False,False,False,False,,lam001
scheme_02,s03_pseudo_a_lam002_cv,,2026-06-11T06:22:01.002684+00:00,runs/scheme_02/s03_pseudo_a_lam002_cv/metrics/resolved_config.json,runs/scheme_02/s03_pseudo_a_lam002_cv/metrics/summary.json,0.7159615167174229,reported,0.7159230334348459,0.716,,,,artifacts/pseudolabels/s02_strategy_a_test/selected_pseudolabels.csv,,,,,True,False,False,False,False,,lam002
scheme_02,s03_pseudo_a_lam002_selckpt_cv,,2026-06-12T05:02:41.792123+00:00,runs/scheme_02/s03_pseudo_a_lam002_selckpt_cv/metrics/resolved_config.json,runs/scheme_02/s03_pseudo_a_lam002_selckpt_cv/metrics/summary.json,0.7159615167174229,reported,0.7159230334348459,0.716,,,,artifacts/pseudolabels/s02_strategy_a_test/selected_pseudolabels.csv,,,,,True,False,False,False,False,,lam002
scheme_02,s02a_uni2_scale32_hardw_cv_20260614,,2026-06-14T15:19:55.989794+00:00,runs/scheme_02/s02a_uni2_scale32_hardw_cv_20260614/metrics/resolved_config.json,runs/scheme_02/s02a_uni2_scale32_hardw_cv_20260614/metrics/summary.json,0.7137031873355403,reported,0.7154063746710806,0.712,,,,,,,,,False,False,False,False,False,32.0,
scheme_02,s02b_b1_p32_seed2027_fixedsplit_cv_20260612,,2026-06-12T12:14:11.571920+00:00,runs/scheme_02/s02b_b1_p32_seed2027_fixedsplit_cv_20260612/metrics/resolved_config.json,runs/scheme_02/s02b_b1_p32_seed2027_fixedsplit_cv_20260612/metrics/summary.json,0.7127368300586236,reported,0.7134736601172473,0.712,,,,,,,,,False,False,False,False,False,,
scheme_02,s03_pseudo_a_lam002_pscale025_cv,,2026-06-12T10:07:19.746296+00:00,runs/scheme_02/s03_pseudo_a_lam002_pscale025_cv/metrics/resolved_config.json,runs/scheme_02/s03_pseudo_a_lam002_pscale025_cv/metrics/summary.json,0.7120687165068609,reported,0.7121374330137217,0.7120000000000001,,,,artifacts/pseudolabels/s02_strategy_a_test/selected_pseudolabels.csv,,,,,True,False,False,False,False,25.0,lam002
scheme_02,s03_pseudo_a_lam002_microgrid_p40_cv,,2026-06-12T09:27:30.256563+00:00,runs/scheme_02/s03_pseudo_a_lam002_microgrid_p40_cv/metrics/resolved_config.json,runs/scheme_02/s03_pseudo_a_lam002_microgrid_p40_cv/metrics/summary.json,0.7117414788345245,reported,0.711482957669049,0.7120000000000001,,,,artifacts/pseudolabels/s02_strategy_a_test/selected_pseudolabels.csv,,,,,True,False,False,False,False,,lam002
scheme_02,s02a_uni2_full224_hardw_cv_20260614,,2026-06-14T15:12:24.391096+00:00,runs/scheme_02/s02a_uni2_full224_hardw_cv_20260614/metrics/resolved_config.json,runs/scheme_02/s02a_uni2_full224_hardw_cv_20260614/metrics/summary.json,0.7076201316335446,reported,0.7072402632670893,0.708,,,,,,,,,False,False,False,False,False,,
scheme_02,s02b_b1_microgrid_20260611,,2026-06-10T20:09:09.140012+00:00,runs/scheme_02/s02b_b1_microgrid_20260611/metrics/resolved_config.json,runs/scheme_02/s02b_b1_microgrid_20260611/metrics/summary.json,0.7071705819471723,reported,0.7063411638943446,0.7080000000000001,,,,,,,,,False,False,False,False,False,,
scheme_02,s03_pseudo_a_lam002_hardw_lossfix_cv,,2026-06-12T08:04:09.732426+00:00,runs/scheme_02/s03_pseudo_a_lam002_hardw_lossfix_cv/metrics/resolved_config.json,runs/scheme_02/s03_pseudo_a_lam002_hardw_lossfix_cv/metrics/summary.json,0.706985012186693,reported,0.7059700243733857,0.7080000000000001,,,,artifacts/pseudolabels/s02_strategy_a_test/selected_pseudolabels.csv,,,,,True,False,False,False,False,,lam002
scheme_02,s02b_b1_p32_hardw_mild_cv,,2026-06-12T10:20:26.820560+00:00,runs/scheme_02/s02b_b1_p32_hardw_mild_cv/metrics/resolved_config.json,runs/scheme_02/s02b_b1_p32_hardw_mild_cv/metrics/summary.json,0.7069750773768049,reported,0.7059501547536097,0.7080000000000001,,,,,,,,,False,False,False,False,False,,
scheme_02,s03_pseudo_a_lam002_groupaux02_cv,,2026-06-12T07:47:32.760538+00:00,runs/scheme_02/s03_pseudo_a_lam002_groupaux02_cv/metrics/resolved_config.json,runs/scheme_02/s03_pseudo_a_lam002_groupaux02_cv/metrics/summary.json,0.706965367965368,reported,0.7059307359307361,0.7080000000000001,,,,artifacts/pseudolabels/s02_strategy_a_test/selected_pseudolabels.csv,,,,,True,False,False,False,False,,lam002
scheme_02,s03_pseudo_a_lam002_focal1_cv,,2026-06-12T08:33:40.670570+00:00,runs/scheme_02/s03_pseudo_a_lam002_focal1_cv/metrics/resolved_config.json,runs/scheme_02/s03_pseudo_a_lam002_focal1_cv/metrics/summary.json,0.7040820534399327,reported,0.7041641068798653,0.7040000000000001,,,,artifacts/pseudolabels/s02_strategy_a_test/selected_pseudolabels.csv,,,,,True,False,False,False,False,,lam002
scheme_02,s03_pseudo_a_lam002_colorjitter_cv,,2026-06-12T07:03:26.704913+00:00,runs/scheme_02/s03_pseudo_a_lam002_colorjitter_cv/metrics/resolved_config.json,runs/scheme_02/s03_pseudo_a_lam002_colorjitter_cv/metrics/summary.json,0.7037545987467152,reported,0.7035091974934304,0.704,,,,artifacts/pseudolabels/s02_strategy_a_test/selected_pseudolabels.csv,,,,,True,False,False,False,False,,lam002
scheme_02,s03_pseudo_a_lam002_hardw_cv,,2026-06-12T04:08:50.191913+00:00,runs/scheme_02/s03_pseudo_a_lam002_hardw_cv/metrics/resolved_config.json,runs/scheme_02/s03_pseudo_a_lam002_hardw_cv/metrics/summary.json,0.7035222577341658,reported,0.7030445154683317,0.704,,,,artifacts/pseudolabels/s02_strategy_a_test/selected_pseudolabels.csv,,,,,True,False,False,False,False,,lam002
scheme_02,s03_pseudo_a_lam002_selckpt_lossfix_cv,,2026-06-12T09:49:38.562588+00:00,runs/scheme_02/s03_pseudo_a_lam002_selckpt_lossfix_cv/metrics/resolved_config.json,runs/scheme_02/s03_pseudo_a_lam002_selckpt_lossfix_cv/metrics/summary.json,0.7030259740259741,reported,0.7020519480519481,0.704,,,,artifacts/pseudolabels/s02_strategy_a_test/selected_pseudolabels.csv,,,,,True,False,False,False,False,,lam002
scheme_02,s03_pseudo_a_lam002_truekd02_cv,,2026-06-12T11:33:08.867469+00:00,runs/scheme_02/s03_pseudo_a_lam002_truekd02_cv/metrics/resolved_config.json,runs/scheme_02/s03_pseudo_a_lam002_truekd02_cv/metrics/summary.json,0.7028947215249737,reported,0.7017894430499474,0.704,,,,artifacts/pseudolabels/s02_strategy_a_test/selected_pseudolabels.csv,,,,,True,False,False,False,False,,lam002
scheme_02,s02b_b1_p32_seed2028_fixedsplit_cv_20260612,,2026-06-12T12:27:24.769882+00:00,runs/scheme_02/s02b_b1_p32_seed2028_fixedsplit_cv_20260612/metrics/resolved_config.json,runs/scheme_02/s02b_b1_p32_seed2028_fixedsplit_cv_20260612/metrics/summary.json,0.7007953677670173,reported,0.7015907355340345,0.7000000000000001,,,,,,,,,False,False,False,False,False,,
scheme_02,s02b_b2_branch_p32_20260611,,2026-06-10T18:38:22.281265+00:00,runs/scheme_02/s02b_b2_branch_p32_20260611/metrics/resolved_config.json,runs/scheme_02/s02b_b2_branch_p32_20260611/metrics/summary.json,0.7005620278919249,reported,0.7011240557838496,0.7000000000000001,,,,,,,,,False,False,False,False,False,,
scheme_02,s03_pseudo_a_lam002_lsmooth005_cv,,2026-06-12T06:30:06.115632+00:00,runs/scheme_02/s03_pseudo_a_lam002_lsmooth005_cv/metrics/resolved_config.json,runs/scheme_02/s03_pseudo_a_lam002_lsmooth005_cv/metrics/summary.json,0.6999029878438983,reported,0.6998059756877966,0.7000000000000001,,,,artifacts/pseudolabels/s02_strategy_a_test/selected_pseudolabels.csv,,,,,True,False,False,False,False,,lam002
scheme_02,s02a_uni2_best_single_refit,,2026-06-10T21:01:45.185359+00:00,runs/scheme_02/s02a_uni2_best_single_refit/metrics/resolved_config.json,runs/scheme_02/s02a_uni2_best_single_refit/metrics/summary.json,0.6990353782482983,reported,0.6980707564965967,0.7,,,,,,,,,False,False,False,False,True,,
scheme_02,s02a_uni2_no_ema_offline_20260610,,2026-06-10T10:30:16.175957+00:00,runs/scheme_02/s02a_uni2_no_ema_offline_20260610/metrics/resolved_config.json,runs/scheme_02/s02a_uni2_no_ema_offline_20260610/metrics/summary.json,0.6990353782482983,reported,0.6980707564965967,0.7,,,,,,,,,False,False,False,False,False,,
scheme_02,s03_pseudo_a_lam002_focal0p5_cv,,2026-06-12T10:54:03.762329+00:00,runs/scheme_02/s03_pseudo_a_lam002_focal0p5_cv/metrics/resolved_config.json,runs/scheme_02/s03_pseudo_a_lam002_focal0p5_cv/metrics/summary.json,0.6947617501546073,reported,0.6935235003092146,0.6960000000000001,,,,artifacts/pseudolabels/s02_strategy_a_test/selected_pseudolabels.csv,,,,,True,False,False,False,False,,lam002
scheme_02,s03_pseudo_a_lam002_cap20_cv,,2026-06-11T07:20:13.978935+00:00,runs/scheme_02/s03_pseudo_a_lam002_cap20_cv/metrics/resolved_config.json,runs/scheme_02/s03_pseudo_a_lam002_cap20_cv/metrics/summary.json,0.6935588494746323,reported,0.6951176989492645,0.6920000000000001,,,,artifacts/pseudolabels/s02_strategy_a_test/selected_pseudolabels.csv,,,,,True,False,False,False,False,,lam002
scheme_02,s02b_b3_uni_conch_gated_p32_20260611,,2026-06-10T18:54:56.441615+00:00,runs/scheme_02/s02b_b3_uni_conch_gated_p32_20260611/metrics/resolved_config.json,runs/scheme_02/s02b_b3_uni_conch_gated_p32_20260611/metrics/summary.json,0.6927015230609954,reported,0.6934030461219907,0.6920000000000001,,,,,,,,,False,False,False,False,False,,
scheme_02,s02a_adapted_uni_rslora_noema_frofa_20260610,,2026-06-10T10:41:15.469286+00:00,runs/scheme_02/s02a_adapted_uni_rslora_noema_frofa_20260610/metrics/resolved_config.json,runs/scheme_02/s02a_adapted_uni_rslora_noema_frofa_20260610/metrics/summary.json,0.6922379582354751,reported,0.6924759164709501,0.6920000000000001,,,,,,,,,False,False,False,False,False,,
scheme_02,s02a_adapted_uni_qkvproj_frofa_20260610,,2026-06-10T08:24:54.010350+00:00,runs/scheme_02/s02a_adapted_uni_qkvproj_frofa_20260610/metrics/resolved_config.json,runs/scheme_02/s02a_adapted_uni_qkvproj_frofa_20260610/metrics/summary.json,0.6876966453247966,reported,0.6873932906495931,0.6880000000000001,,,,,,,,,False,False,False,False,False,,
scheme_02,s02b_b1_fusion_cv_20260611,,2026-06-10T17:42:24.510459+00:00,runs/scheme_02/s02b_b1_fusion_cv_20260611/metrics/resolved_config.json,runs/scheme_02/s02b_b1_fusion_cv_20260611/metrics/summary.json,0.684393228882823,reported,0.6847864577656457,0.684,,,,,,,,,False,False,True,False,False,,
scheme_02,s03_pseudo_a_lam002_feature_tta_lossfix_cv,,2026-06-12T09:01:45.941432+00:00,runs/scheme_02/s03_pseudo_a_lam002_feature_tta_lossfix_cv/metrics/resolved_config.json,runs/scheme_02/s03_pseudo_a_lam002_feature_tta_lossfix_cv/metrics/summary.json,0.6838016739963115,reported,0.6836033479926231,0.684,,,,artifacts/pseudolabels/s02_strategy_a_test/selected_pseudolabels.csv,,,,,True,False,False,False,False,,lam002
scheme_02,s03_pseudo_a_lam002_feature_tta_cv,,2026-06-12T05:55:26.299013+00:00,runs/scheme_02/s03_pseudo_a_lam002_feature_tta_cv/metrics/resolved_config.json,runs/scheme_02/s03_pseudo_a_lam002_feature_tta_cv/metrics/summary.json,0.6825777363301653,reported,0.6811554726603306,0.6839999999999999,,,,artifacts/pseudolabels/s02_strategy_a_test/selected_pseudolabels.csv,,,,,True,False,False,False,False,,lam002
scheme_02,s02a_conch_best_single_refit,,2026-06-10T21:02:57.116714+00:00,runs/scheme_02/s02a_conch_best_single_refit/metrics/resolved_config.json,runs/scheme_02/s02a_conch_best_single_refit/metrics/summary.json,0.6208517664368728,reported,0.6217035328737456,0.62,,,,,,,,,False,False,False,False,True,,
scheme_02,s02a_conch_no_ema_20260610,,2026-06-10T10:58:15.202023+00:00,runs/scheme_02/s02a_conch_no_ema_20260610/metrics/resolved_config.json,runs/scheme_02/s02a_conch_no_ema_20260610/metrics/summary.json,0.6208517664368728,reported,0.6217035328737456,0.62,,,,,,,,,False,False,False,False,False,,
scheme_02,efficientnet_b0_imagenet_smoke_20260612,,,,runs/scheme_02/efficientnet_b0_imagenet_smoke_20260612/metrics/summary.json,0.6194696969696969,reported,0.6189393939393939,0.6199999999999999,,,,,,,,,False,False,False,True,False,,
scheme_02,s02b_b0_scheme01_exact_feature_bundle_20260611,,2026-06-10T17:20:11.885418+00:00,runs/scheme_02/s02b_b0_scheme01_exact_feature_bundle_20260611/metrics/resolved_config.json,runs/scheme_02/s02b_b0_scheme01_exact_feature_bundle_20260611/metrics/summary.json,0.5933662270993836,reported,0.5907324541987673,0.596,,,,,,,,,False,False,False,False,False,,
scheme_02,s02b_b0_scheme01_feature_strategy_branch_ablation_20260611,,2026-06-10T16:59:16.663647+00:00,runs/scheme_02/s02b_b0_scheme01_feature_strategy_branch_ablation_20260611/metrics/resolved_config.json,runs/scheme_02/s02b_b0_scheme01_feature_strategy_branch_ablation_20260611/metrics/summary.json,0.5909910493187414,reported,0.5899820986374826,0.592,,,,,,,,,False,False,False,False,False,,
scheme_02,s02b_b0_scheme01_feature_strategy_weight_narrow_20260611,,2026-06-10T17:12:04.481623+00:00,runs/scheme_02/s02b_b0_scheme01_feature_strategy_weight_narrow_20260611/metrics/resolved_config.json,runs/scheme_02/s02b_b0_scheme01_feature_strategy_weight_narrow_20260611/metrics/summary.json,0.5868872481491507,reported,0.5857744962983015,0.588,,,,,,,,,False,False,False,False,False,,
scheme_02,s02b_b0_scheme01_feature_strategy_diag_v2_20260610,,2026-06-10T15:30:53.864382+00:00,runs/scheme_02/s02b_b0_scheme01_feature_strategy_diag_v2_20260610/metrics/resolved_config.json,runs/scheme_02/s02b_b0_scheme01_feature_strategy_diag_v2_20260610/metrics/summary.json,0.5868556357108827,reported,0.5857112714217654,0.588,,,,,,,,,False,False,False,False,False,,
scheme_02,s02b_b0_scheme01_feature_strategy_head_sweep_20260611,,2026-06-10T16:53:59.367650+00:00,runs/scheme_02/s02b_b0_scheme01_feature_strategy_head_sweep_20260611/metrics/resolved_config.json,runs/scheme_02/s02b_b0_scheme01_feature_strategy_head_sweep_20260611/metrics/summary.json,0.5868556357108827,reported,0.5857112714217654,0.588,,,,,,,,,False,False,False,False,False,,
scheme_02,convnext_tiny_imagenet_smoke_20260612,,,,runs/scheme_02/convnext_tiny_imagenet_smoke_20260612/metrics/summary.json,0.583529411764706,reported,0.5670588235294118,0.6000000000000001,,,,,,,,,False,False,False,True,False,,
scheme_02,resnet18_imagenet_smoke_20260612,,,,runs/scheme_02/resnet18_imagenet_smoke_20260612/metrics/summary.json,0.5771334858886346,reported,0.5742669717772693,0.5799999999999998,,,,,,,,,False,False,False,True,False,,
scheme_02,s02a_formal_core_all4_20260610,,2026-06-10T06:48:11.140954+00:00,runs/scheme_02/s02a_formal_core_all4_20260610/metrics/resolved_config.json,runs/scheme_02/s02a_formal_core_all4_20260610/metrics/summary.json,0.5729993657383382,reported,0.5739987314766765,0.572,,,,,,,,,False,False,False,False,False,,
scheme_02,s02b_b0_raw_classical_diag_20260610,,2026-06-10T14:37:24.174562+00:00,runs/scheme_02/s02b_b0_raw_classical_diag_20260610/metrics/resolved_config.json,runs/scheme_02/s02b_b0_raw_classical_diag_20260610/metrics/summary.json,0.5659083113150698,reported,0.5638166226301395,0.568,,,,,,,,,False,False,False,False,False,,
scheme_02,s02b_b0_fusion_cv_bestckpt_v2_20260610,,2026-06-10T13:09:33.411258+00:00,runs/scheme_02/s02b_b0_fusion_cv_bestckpt_v2_20260610/metrics/resolved_config.json,runs/scheme_02/s02b_b0_fusion_cv_bestckpt_v2_20260610/metrics/summary.json,0.5466004450085156,reported,0.5452008900170313,0.5479999999999999,,,,,,,,,False,False,True,False,False,,
scheme_02,s02a_rslora_uni2_20260610,,2026-06-10T09:13:15.623408+00:00,runs/scheme_02/s02a_rslora_uni2_20260610/metrics/resolved_config.json,runs/scheme_02/s02a_rslora_uni2_20260610/metrics/summary.json,0.5452441320339753,reported,0.5424882640679506,0.5479999999999999,,,,,,,,,False,False,False,False,False,,
scheme_02,s02b_cached_svm_probe_20260612,,2026-06-12T06:38:01.042791+00:00,runs/scheme_02/s02b_cached_svm_probe_20260612/metrics/resolved_config.json,runs/scheme_02/s02b_cached_svm_probe_20260612/metrics/summary.json,0.5427604892882276,reported,0.5415209785764554,0.5439999999999999,,,,,,,,,False,False,False,False,False,,
scheme_02,s02a_adapted_conch_qkvproj_frofa_20260610,,2026-06-10T09:22:19.596029+00:00,runs/scheme_02/s02a_adapted_conch_qkvproj_frofa_20260610/metrics/resolved_config.json,runs/scheme_02/s02a_adapted_conch_qkvproj_frofa_20260610/metrics/summary.json,0.5277973831943137,reported,0.5235947663886276,0.5319999999999999,,,,,,,,,False,False,False,False,False,,
scheme_02,s02a_adapted_hoptimus_mixup_frofa_20260610,,2026-06-10T08:38:36.537079+00:00,runs/scheme_02/s02a_adapted_hoptimus_mixup_frofa_20260610/metrics/resolved_config.json,runs/scheme_02/s02a_adapted_hoptimus_mixup_frofa_20260610/metrics/summary.json,0.5226086697884555,reported,0.5212173395769112,0.5239999999999999,,,,,,,,,False,False,False,False,False,,
scheme_02,s02b_b0_fusion_cv_bs4_20260610,,2026-06-10T12:36:24.381801+00:00,runs/scheme_02/s02b_b0_fusion_cv_bs4_20260610/metrics/resolved_config.json,runs/scheme_02/s02b_b0_fusion_cv_bs4_20260610/metrics/summary.json,0.5207316239136627,reported,0.5174632478273254,0.5239999999999999,,,,,,,,,False,False,True,False,False,,
scheme_02,s02a_round2_matched_20260610,,2026-06-10T08:04:42.478455+00:00,runs/scheme_02/s02a_round2_matched_20260610/metrics/resolved_config.json,runs/scheme_02/s02a_round2_matched_20260610/metrics/summary.json,0.5078509669137439,reported,0.5077019338274877,0.5079999999999999,,,,,,,,,False,False,False,False,False,,
scheme_02,s02a_adapted_virchow_qkvproj_frofa_20260610,,2026-06-10T09:20:46.779911+00:00,runs/scheme_02/s02a_adapted_virchow_qkvproj_frofa_20260610/metrics/resolved_config.json,runs/scheme_02/s02a_adapted_virchow_qkvproj_frofa_20260610/metrics/summary.json,0.5062712267131428,reported,0.5045424534262859,0.5079999999999999,,,,,,,,,False,False,False,False,False,,
scheme_02,tinycnn64_smoke_20260612,,,,runs/scheme_02/tinycnn64_smoke_20260612/metrics/summary.json,0.36147215865751336,reported,0.36294431731502674,0.36,,,,,,,,,False,False,False,True,False,,
scheme_02,s02b_uni_dualscale_s64h_s80_smoke_20260612,,2026-06-12T16:06:02.650152+00:00,runs/scheme_02/s02b_uni_dualscale_s64h_s80_smoke_20260612/metrics/resolved_config.json,runs/scheme_02/s02b_uni_dualscale_s64h_s80_smoke_20260612/metrics/summary.json,0.30642941594905926,reported,0.28885883189811856,0.32399999999999995,,,,,,,,,False,False,True,True,False,,
scheme_02,s02a_uni2_scale64_hardw_fold0_20260612,,2026-06-12T15:51:31.615664+00:00,runs/scheme_02/s02a_uni2_scale64_hardw_fold0_20260612/metrics/resolved_config.json,runs/scheme_02/s02a_uni2_scale64_hardw_fold0_20260612/metrics/summary.json,0.3015834700002415,reported,0.283166940000483,0.32,,,,,,,,,False,False,False,False,False,64.0,
scheme_02,s02a_uni2_scale64_hardw3_fold0_20260612,,2026-06-12T16:10:04.985553+00:00,runs/scheme_02/s02a_uni2_scale64_hardw3_fold0_20260612/metrics/resolved_config.json,runs/scheme_02/s02a_uni2_scale64_hardw3_fold0_20260612/metrics/summary.json,0.301555477751941,reported,0.2831109555038821,0.32,,,,,,,,,False,False,False,False,False,64.0,
scheme_02,s02a_uni2_scale64_fold0_20260612,,2026-06-12T15:34:19.121943+00:00,runs/scheme_02/s02a_uni2_scale64_fold0_20260612/metrics/resolved_config.json,runs/scheme_02/s02a_uni2_scale64_fold0_20260612/metrics/summary.json,0.2962189452069148,reported,0.27643789041382955,0.316,,,,,,,,,False,False,False,False,False,64.0,
scheme_02,s02a_uni2_scale64_hardw2_fold0_20260612,,2026-06-12T16:02:01.846273+00:00,runs/scheme_02/s02a_uni2_scale64_hardw2_fold0_20260612/metrics/resolved_config.json,runs/scheme_02/s02a_uni2_scale64_hardw2_fold0_20260612/metrics/summary.json,0.2961390434295079,reported,0.27627808685901584,0.316,,,,,,,,,False,False,False,False,False,64.0,
scheme_02,s02a_uni2_scale48_fold0_20260612,,2026-06-12T15:46:13.724401+00:00,runs/scheme_02/s02a_uni2_scale48_fold0_20260612/metrics/resolved_config.json,runs/scheme_02/s02a_uni2_scale48_fold0_20260612/metrics/summary.json,0.2906459594630166,reported,0.26929191892603316,0.312,,,,,,,,,False,False,False,False,False,48.0,
scheme_02,s02a_uni2_scale80_fold0_20260612,,2026-06-12T15:01:26.153840+00:00,runs/scheme_02/s02a_uni2_scale80_fold0_20260612/metrics/resolved_config.json,runs/scheme_02/s02a_uni2_scale80_fold0_20260612/metrics/summary.json,0.2876272612175286,reported,0.2632545224350571,0.312,,,,,,,,,False,False,False,False,False,80.0,
scheme_02,s02a_uni2_scale112_fold0_20260612,,2026-06-12T15:29:40.267405+00:00,runs/scheme_02/s02a_uni2_scale112_fold0_20260612/metrics/resolved_config.json,runs/scheme_02/s02a_uni2_scale112_fold0_20260612/metrics/summary.json,0.2843651187522155,reported,0.26073023750443103,0.30799999999999994,,,,,,,,,False,False,False,False,False,112.0,
scheme_02,s02b_b1_p32_uni336_color_smoke_20260612,,2026-06-12T11:50:43.235378+00:00,runs/scheme_02/s02b_b1_p32_uni336_color_smoke_20260612/metrics/resolved_config.json,runs/scheme_02/s02b_b1_p32_uni336_color_smoke_20260612/metrics/summary.json,0.2795189660589922,reported,0.2550379321179844,0.304,,,,,,,,,False,False,False,True,False,,
scheme_02,s03_pseudo_a_lam002_focal0p5_smoke_20260612,,2026-06-12T10:40:11.571392+00:00,runs/scheme_02/s03_pseudo_a_lam002_focal0p5_smoke_20260612/metrics/resolved_config.json,runs/scheme_02/s03_pseudo_a_lam002_focal0p5_smoke_20260612/metrics/summary.json,0.2779111276411101,reported,0.2518222552822202,0.304,,,,artifacts/pseudolabels/s02_strategy_a_test/selected_pseudolabels.csv,,,,,True,False,False,True,False,,lam002
scheme_02,s02b_b1_p32_uni_scale80_adapter_smoke_20260612,,2026-06-12T15:26:24.762826+00:00,runs/scheme_02/s02b_b1_p32_uni_scale80_adapter_smoke_20260612/metrics/resolved_config.json,runs/scheme_02/s02b_b1_p32_uni_scale80_adapter_smoke_20260612/metrics/summary.json,0.27672563141500384,reported,0.25345126283000774,0.3,,,,,,,,,False,True,False,True,False,80.0,
scheme_02,s02b_b1_p32_mlp64_smoke_20260612,,2026-06-12T13:32:46.485541+00:00,runs/scheme_02/s02b_b1_p32_mlp64_smoke_20260612/metrics/resolved_config.json,runs/scheme_02/s02b_b1_p32_mlp64_smoke_20260612/metrics/summary.json,0.2748455477766213,reported,0.24969109555324262,0.3,,,,,,,,,False,False,False,True,False,,
scheme_02,s02b_b4_adapterft_p32_smoke_20260612,,2026-06-12T12:40:55.786768+00:00,runs/scheme_02/s02b_b4_adapterft_p32_smoke_20260612/metrics/resolved_config.json,runs/scheme_02/s02b_b4_adapterft_p32_smoke_20260612/metrics/summary.json,0.2744848346682711,reported,0.2489696693365422,0.3,,,,,,,,,False,True,False,True,False,,
scheme_02,s03_pseudo_s02best_balanced_lam002_smoke_20260612,,2026-06-12T12:47:32.673005+00:00,runs/scheme_02/s03_pseudo_s02best_balanced_lam002_smoke_20260612/metrics/resolved_config.json,runs/scheme_02/s03_pseudo_s02best_balanced_lam002_smoke_20260612/metrics/summary.json,0.2696976890678773,reported,0.2433953781357546,0.296,,,,artifacts/pseudolabels/s02_best_test/selected_pseudolabels.csv,,,,,True,False,False,True,False,,lam002
scheme_02,s02b_b1_p32_aux_scale80_smoke_20260612,,2026-06-12T14:53:06.095254+00:00,runs/scheme_02/s02b_b1_p32_aux_scale80_smoke_20260612/metrics/resolved_config.json,runs/scheme_02/s02b_b1_p32_aux_scale80_smoke_20260612/metrics/summary.json,0.26946390765349976,reported,0.2429278153069995,0.296,,,,,,,,,False,False,False,True,False,80.0,
scheme_02,s02b_b1_p32_scale80_smoke_v2_20260612,,2026-06-12T14:47:41.304653+00:00,runs/scheme_02/s02b_b1_p32_scale80_smoke_v2_20260612/metrics/resolved_config.json,runs/scheme_02/s02b_b1_p32_scale80_smoke_v2_20260612/metrics/summary.json,0.26946390765349976,reported,0.2429278153069995,0.296,,,,,,,,,False,False,False,True,False,80.0,
scheme_02,s02b_b1_p32_mixup02_smoke_20260612,,2026-06-12T13:12:55.014160+00:00,runs/scheme_02/s02b_b1_p32_mixup02_smoke_20260612/metrics/resolved_config.json,runs/scheme_02/s02b_b1_p32_mixup02_smoke_20260612/metrics/summary.json,0.26725809822361546,reported,0.23851619644723096,0.296,,,,,,,,,False,False,False,True,False,,
scheme_02,s02b_b1_p32_aux_scale80_smoke_v2_20260612,,2026-06-12T14:57:11.386967+00:00,runs/scheme_02/s02b_b1_p32_aux_scale80_smoke_v2_20260612/metrics/resolved_config.json,runs/scheme_02/s02b_b1_p32_aux_scale80_smoke_v2_20260612/metrics/summary.json,0.26673918927627766,reported,0.2414783785525553,0.292,,,,,,,,,False,False,False,True,False,80.0,
scheme_02,s03_pseudo_a_lam002_truekd005_smoke_20260612,,2026-06-12T11:36:28.760057+00:00,runs/scheme_02/s03_pseudo_a_lam002_truekd005_smoke_20260612/metrics/resolved_config.json,runs/scheme_02/s03_pseudo_a_lam002_truekd005_smoke_20260612/metrics/summary.json,0.2660844780291596,reported,0.24016895605831912,0.292,,,,artifacts/pseudolabels/s02_strategy_a_test/selected_pseudolabels.csv,,,,,True,False,False,True,False,,lam002
scheme_02,s03_pseudo_a_lam002_truekd02_smoke_20260612,,2026-06-12T11:18:22.618708+00:00,runs/scheme_02/s03_pseudo_a_lam002_truekd02_smoke_20260612/metrics/resolved_config.json,runs/scheme_02/s03_pseudo_a_lam002_truekd02_smoke_20260612/metrics/summary.json,0.2660844780291596,reported,0.24016895605831912,0.292,,,,artifacts/pseudolabels/s02_strategy_a_test/selected_pseudolabels.csv,,,,,True,False,False,True,False,,lam002
scheme_02,s03_pseudo_a_lam002_truew_clean05_smoke_20260612,,2026-06-12T11:45:09.525668+00:00,runs/scheme_02/s03_pseudo_a_lam002_truew_clean05_smoke_20260612/metrics/resolved_config.json,runs/scheme_02/s03_pseudo_a_lam002_truew_clean05_smoke_20260612/metrics/summary.json,0.2660844780291596,reported,0.24016895605831912,0.292,,,,artifacts/pseudolabels/s02_strategy_a_test/selected_pseudolabels.csv,,,,,True,False,False,True,False,,lam002
scheme_02,s02b_b1_p32_rrc075_smoke_20260612,,2026-06-12T13:21:07.163787+00:00,runs/scheme_02/s02b_b1_p32_rrc075_smoke_20260612/metrics/resolved_config.json,runs/scheme_02/s02b_b1_p32_rrc075_smoke_20260612/metrics/summary.json,0.2501941209586017,reported,0.2203882419172034,0.27999999999999997,,,,,,,,,False,False,False,True,False,,
scheme_02,s02a_conch_scale80_fold0_20260612,,2026-06-12T15:20:54.703094+00:00,runs/scheme_02/s02a_conch_scale80_fold0_20260612/metrics/resolved_config.json,runs/scheme_02/s02a_conch_scale80_fold0_20260612/metrics/summary.json,0.22324100244959488,reported,0.18648200489918976,0.26,,,,,,,,,False,False,False,False,False,80.0,
scheme_02,s02a_speed_batch_smoke_20260610,,2026-06-10T06:58:28.305811+00:00,runs/scheme_02/s02a_speed_batch_smoke_20260610/metrics/resolved_config.json,runs/scheme_02/s02a_speed_batch_smoke_20260610/metrics/summary.json,0.1466656671664168,reported,0.10133133433283359,0.192,,,,,,,,,False,False,False,True,False,,
scheme_02,s02a_gpu_smoke_all4_20260610,,2026-06-10T01:17:22.160363+00:00,runs/scheme_02/s02a_gpu_smoke_all4_20260610/metrics/resolved_config.json,runs/scheme_02/s02a_gpu_smoke_all4_20260610/metrics/summary.json,0.13333333333333333,reported,0.06666666666666667,0.2,,,,,,,,,False,False,False,True,False,,
scheme_02,s02b_fusion_adapter_smoke_20260610,,2026-06-10T11:44:51.575771+00:00,runs/scheme_02/s02b_fusion_adapter_smoke_20260610/metrics/resolved_config.json,runs/scheme_02/s02b_fusion_adapter_smoke_20260610/metrics/summary.json,0.13333333333333333,reported,0.06666666666666667,0.2,,,,,,,,,False,True,True,True,False,,
scheme_02,s02b_fusion_smoke_20260610,,2026-06-10T01:22:22.307422+00:00,runs/scheme_02/s02b_fusion_smoke_20260610/metrics/resolved_config.json,runs/scheme_02/s02b_fusion_smoke_20260610/metrics/summary.json,0.13333333333333333,reported,0.06666666666666667,0.2,,,,,,,,,False,False,True,True,False,,
scheme_02,s02a_adapted_head_smoke_20260610,,2026-06-10T01:20:22.982318+00:00,runs/scheme_02/s02a_adapted_head_smoke_20260610/metrics/resolved_config.json,runs/scheme_02/s02a_adapted_head_smoke_20260610/metrics/summary.json,0.13077591973244146,reported,0.06555183946488294,0.196,,,,,,,,,False,False,False,True,False,,
scheme_02,scheme02b_uni_multiscale_s48_s64_smoke_20260616,,2026-06-16T05:20:43.372256+00:00,runs/scheme_02/scheme02b_uni_multiscale_s48_s64_smoke_20260616/metrics/resolved_config.json,runs/scheme_02/scheme02b_uni_multiscale_s48_s64_smoke_20260616/metrics/summary.json,0.12821476510067115,reported,0.06442953020134227,0.192,,,,,,,,,False,False,True,True,False,,
scheme_03,s03_uni2_scale64_hardw_pseudo_lam002_iter2_soft150_20260613,uni2_h__rslora_qkv_proj_r16_no_ema_scale64_hardw_pseudo__pseudo_lora,2026-06-13T00:05:12.595499+00:00,configs/scheme_03/pseudo_lora_uni2_scale64_hardw_lam002_iter2_soft150.yaml,runs/scheme_03/s03_uni2_scale64_hardw_pseudo_lam002_iter2_soft150_20260613/metrics/summary.json,0.8671022555686188,reported,0.8662045111372374,0.868,,250.0,750.0,artifacts/pseudolabels/uni2_scale64_hardw_pseudo_lam001_iter2_soft150_test/selected_pseudolabels.csv,artifacts/submissions/submission_s03_uni2_scale64_hardw_pseudo_lam002_iter2_soft150_20260613.csv,runs/scheme_03/s03_uni2_scale64_hardw_pseudo_lam002_iter2_soft150_20260613/predictions/oof_uni2_h__rslora_qkv_proj_r16_no_ema_scale64_hardw_pseudo__pseudo_lora.npz,runs/scheme_03/s03_uni2_scale64_hardw_pseudo_lam002_iter2_soft150_20260613/predictions/test_uni2_h__rslora_qkv_proj_r16_no_ema_scale64_hardw_pseudo__pseudo_lora.npz,,True,False,False,False,False,64.0,lam002
scheme_03,s03_uni2_scale64_hardw_pseudo_lam002_iter2_soft150_pcw_c34up_20260613,uni2_h__rslora_qkv_proj_r16_no_ema_scale64_hardw_pseudo__pseudo_lora,2026-06-13T00:44:04.604825+00:00,configs/scheme_03/pseudo_lora_uni2_scale64_hardw_lam002_iter2_soft150_pcw_c34up.yaml,runs/scheme_03/s03_uni2_scale64_hardw_pseudo_lam002_iter2_soft150_pcw_c34up_20260613/metrics/summary.json,0.8598826976204226,reported,0.859765395240845,0.86,,250.0,750.0,artifacts/pseudolabels/uni2_scale64_hardw_pseudo_lam001_iter2_soft150_test/selected_pseudolabels.csv,artifacts/submissions/submission_s03_uni2_scale64_hardw_pseudo_lam002_iter2_soft150_pcw_c34up_20260613.csv,runs/scheme_03/s03_uni2_scale64_hardw_pseudo_lam002_iter2_soft150_pcw_c34up_20260613/predictions/oof_uni2_h__rslora_qkv_proj_r16_no_ema_scale64_hardw_pseudo__pseudo_lora.npz,runs/scheme_03/s03_uni2_scale64_hardw_pseudo_lam002_iter2_soft150_pcw_c34up_20260613/predictions/test_uni2_h__rslora_qkv_proj_r16_no_ema_scale64_hardw_pseudo__pseudo_lora.npz,,True,False,False,False,False,64.0,lam002
scheme_03,s03_uni2_scale64_hardw_pseudo_lam0015_iter2_soft150_20260613,uni2_h__rslora_qkv_proj_r16_no_ema_scale64_hardw_pseudo__pseudo_lora,2026-06-12T23:27:21.583338+00:00,configs/scheme_03/pseudo_lora_uni2_scale64_hardw_lam0015_iter2_soft150.yaml,runs/scheme_03/s03_uni2_scale64_hardw_pseudo_lam0015_iter2_soft150_20260613/metrics/summary.json,0.8595553436331397,reported,0.8591106872662794,0.86,,250.0,750.0,artifacts/pseudolabels/uni2_scale64_hardw_pseudo_lam001_iter2_soft150_test/selected_pseudolabels.csv,artifacts/submissions/submission_s03_uni2_scale64_hardw_pseudo_lam0015_iter2_soft150_20260613.csv,runs/scheme_03/s03_uni2_scale64_hardw_pseudo_lam0015_iter2_soft150_20260613/predictions/oof_uni2_h__rslora_qkv_proj_r16_no_ema_scale64_hardw_pseudo__pseudo_lora.npz,runs/scheme_03/s03_uni2_scale64_hardw_pseudo_lam0015_iter2_soft150_20260613/predictions/test_uni2_h__rslora_qkv_proj_r16_no_ema_scale64_hardw_pseudo__pseudo_lora.npz,,True,False,False,False,False,64.0,lam0015
scheme_03,s03_uni2_scale48_imgadapter_pseudo_lam002_soft150_20260615,uni2_h__rslora_qkv_proj_r16_no_ema_scale48_hardw_imgadapter_pseudo__pseudo_lora,2026-06-14T18:18:25.045643+00:00,configs/scheme_03/pseudo_lora_uni2_scale48_hardw_imgadapter_lam002_iter2_soft150.yaml,runs/scheme_03/s03_uni2_scale48_imgadapter_pseudo_lam002_soft150_20260615/metrics/summary.json,0.8560162171588003,reported,0.8560324343176005,0.8560000000000001,,250.0,750.0,artifacts/pseudolabels/uni2_scale64_hardw_pseudo_lam001_iter2_soft150_test/selected_pseudolabels.csv,artifacts/submissions/submission_s03_uni2_scale48_imgadapter_pseudo_lam002_soft150_20260615.csv,runs/scheme_03/s03_uni2_scale48_imgadapter_pseudo_lam002_soft150_20260615/predictions/oof_uni2_h__rslora_qkv_proj_r16_no_ema_scale48_hardw_imgadapter_pseudo__pseudo_lora.npz,runs/scheme_03/s03_uni2_scale48_imgadapter_pseudo_lam002_soft150_20260615/predictions/test_uni2_h__rslora_qkv_proj_r16_no_ema_scale48_hardw_imgadapter_pseudo__pseudo_lora.npz,,True,True,False,False,False,48.0,lam002
scheme_03,s03_uni2_scale64_hardw_pseudo_lam001_iter2_soft150_20260613,uni2_h__rslora_qkv_proj_r16_no_ema_scale64_hardw_pseudo__pseudo_lora,2026-06-12T22:48:09.047117+00:00,configs/scheme_03/pseudo_lora_uni2_scale64_hardw_lam001_iter2_soft150.yaml,runs/scheme_03/s03_uni2_scale64_hardw_pseudo_lam001_iter2_soft150_20260613/metrics/summary.json,0.8554466984422229,reported,0.8548933968844455,0.8560000000000001,,250.0,750.0,artifacts/pseudolabels/uni2_scale64_hardw_pseudo_lam001_iter2_soft150_test/selected_pseudolabels.csv,artifacts/submissions/submission_s03_uni2_scale64_hardw_pseudo_lam001_iter2_soft150_20260613.csv,runs/scheme_03/s03_uni2_scale64_hardw_pseudo_lam001_iter2_soft150_20260613/predictions/oof_uni2_h__rslora_qkv_proj_r16_no_ema_scale64_hardw_pseudo__pseudo_lora.npz,runs/scheme_03/s03_uni2_scale64_hardw_pseudo_lam001_iter2_soft150_20260613/predictions/test_uni2_h__rslora_qkv_proj_r16_no_ema_scale64_hardw_pseudo__pseudo_lora.npz,,True,False,False,False,False,64.0,lam001
scheme_03,s03_uni2_scale48_hardw_pseudo_lam002_iter2_soft150_20260614,uni2_h__rslora_qkv_proj_r16_no_ema_scale48_hardw_pseudo__pseudo_lora,2026-06-14T16:35:17.523936+00:00,configs/scheme_03/pseudo_lora_uni2_scale48_hardw_lam002_iter2_soft150.yaml,runs/scheme_03/s03_uni2_scale48_hardw_pseudo_lam002_iter2_soft150_20260614/metrics/summary.json,0.8481455866451989,reported,0.8482911732903977,0.8480000000000001,,250.0,750.0,artifacts/pseudolabels/uni2_scale64_hardw_pseudo_lam001_iter2_soft150_test/selected_pseudolabels.csv,artifacts/submissions/submission_s03_uni2_scale48_hardw_pseudo_lam002_iter2_soft150_20260614.csv,runs/scheme_03/s03_uni2_scale48_hardw_pseudo_lam002_iter2_soft150_20260614/predictions/oof_uni2_h__rslora_qkv_proj_r16_no_ema_scale48_hardw_pseudo__pseudo_lora.npz,runs/scheme_03/s03_uni2_scale48_hardw_pseudo_lam002_iter2_soft150_20260614/predictions/test_uni2_h__rslora_qkv_proj_r16_no_ema_scale48_hardw_pseudo__pseudo_lora.npz,,True,False,False,False,False,48.0,lam002
scheme_03,s03_uni2_scale48_imgadapter_selfpseudo_lam002_soft150_20260616,uni2_h__rslora_qkv_proj_r16_no_ema_scale48_hardw_imgadapter_pseudo__pseudo_lora,2026-06-16T09:46:34.244204+00:00,configs/scheme_03/pseudo_lora_uni2_scale48_hardw_imgadapter_lam002_iter2_soft150.yaml,runs/scheme_03/s03_uni2_scale48_imgadapter_selfpseudo_lam002_soft150_20260616/metrics/summary.json,0.8402054290412142,reported,0.8404108580824283,0.8400000000000001,,250.0,750.0,artifacts/pseudolabels/uni2_scale48_hardw_imgadapter_soft150_test/selected_pseudolabels.csv,artifacts/submissions/submission_s03_uni2_scale48_imgadapter_selfpseudo_lam002_soft150_20260616.csv,runs/scheme_03/s03_uni2_scale48_imgadapter_selfpseudo_lam002_soft150_20260616/predictions/oof_uni2_h__rslora_qkv_proj_r16_no_ema_scale48_hardw_imgadapter_pseudo__pseudo_lora.npz,runs/scheme_03/s03_uni2_scale48_imgadapter_selfpseudo_lam002_soft150_20260616/predictions/test_uni2_h__rslora_qkv_proj_r16_no_ema_scale48_hardw_imgadapter_pseudo__pseudo_lora.npz,,True,True,False,False,False,48.0,lam002
scheme_03,s03_uni2_scale64_hardw_pseudo_lam001_iter2_soft100_20260613,uni2_h__rslora_qkv_proj_r16_no_ema_scale64_hardw_pseudo__pseudo_lora,2026-06-12T22:06:51.423728+00:00,configs/scheme_03/pseudo_lora_uni2_scale64_hardw_lam001_iter2_soft100.yaml,runs/scheme_03/s03_uni2_scale64_hardw_pseudo_lam001_iter2_soft100_20260613/metrics/summary.json,0.8391987158832065,reported,0.8383974317664131,0.8399999999999999,,250.0,500.0,artifacts/pseudolabels/uni2_scale64_hardw_pseudo_lam001_iter2_soft100_test/selected_pseudolabels.csv,artifacts/submissions/submission_s03_uni2_scale64_hardw_pseudo_lam001_iter2_soft100_20260613.csv,runs/scheme_03/s03_uni2_scale64_hardw_pseudo_lam001_iter2_soft100_20260613/predictions/oof_uni2_h__rslora_qkv_proj_r16_no_ema_scale64_hardw_pseudo__pseudo_lora.npz,runs/scheme_03/s03_uni2_scale64_hardw_pseudo_lam001_iter2_soft100_20260613/predictions/test_uni2_h__rslora_qkv_proj_r16_no_ema_scale64_hardw_pseudo__pseudo_lora.npz,,True,False,False,False,False,64.0,lam001
scheme_03,s03_uni2_scale64_hardw_pseudo_lam001_20260612,uni2_h__rslora_qkv_proj_r16_no_ema_scale64_hardw_pseudo__pseudo_lora,2026-06-12T17:15:31.323163+00:00,configs/scheme_03/pseudo_lora_uni2_scale64_hardw_lam001.yaml,runs/scheme_03/s03_uni2_scale64_hardw_pseudo_lam001_20260612/metrics/summary.json,0.8233545829393287,reported,0.8227091658786575,0.8240000000000001,,250.0,250.0,artifacts/pseudolabels/uni2_scale64_hardw_test/selected_pseudolabels.csv,artifacts/submissions/submission_s03_uni2_scale64_hardw_pseudo_lam001_20260612.csv,runs/scheme_03/s03_uni2_scale64_hardw_pseudo_lam001_20260612/predictions/oof_uni2_h__rslora_qkv_proj_r16_no_ema_scale64_hardw_pseudo__pseudo_lora.npz,runs/scheme_03/s03_uni2_scale64_hardw_pseudo_lam001_20260612/predictions/test_uni2_h__rslora_qkv_proj_r16_no_ema_scale64_hardw_pseudo__pseudo_lora.npz,,True,False,False,False,False,64.0,lam001
scheme_03,s03_uni2_scale64_hardw_pseudo_lam001_iter2_20260613,uni2_h__rslora_qkv_proj_r16_no_ema_scale64_hardw_pseudo__pseudo_lora,2026-06-12T21:33:22.629175+00:00,configs/scheme_03/pseudo_lora_uni2_scale64_hardw_lam001_iter2.yaml,runs/scheme_03/s03_uni2_scale64_hardw_pseudo_lam001_iter2_20260613/metrics/summary.json,0.8231733930287091,reported,0.8223467860574182,0.8240000000000001,,250.0,250.0,artifacts/pseudolabels/uni2_scale64_hardw_pseudo_lam001_iter2_test/selected_pseudolabels.csv,artifacts/submissions/submission_s03_uni2_scale64_hardw_pseudo_lam001_iter2_20260613.csv,runs/scheme_03/s03_uni2_scale64_hardw_pseudo_lam001_iter2_20260613/predictions/oof_uni2_h__rslora_qkv_proj_r16_no_ema_scale64_hardw_pseudo__pseudo_lora.npz,runs/scheme_03/s03_uni2_scale64_hardw_pseudo_lam001_iter2_20260613/predictions/test_uni2_h__rslora_qkv_proj_r16_no_ema_scale64_hardw_pseudo__pseudo_lora.npz,,True,False,False,False,False,64.0,lam001
scheme_03,s03_uni2_scale64_hardw_pseudo_lam0005_20260613,uni2_h__rslora_qkv_proj_r16_no_ema_scale64_hardw_pseudo__pseudo_lora,2026-06-12T19:53:52.984223+00:00,configs/scheme_03/pseudo_lora_uni2_scale64_hardw_lam0005.yaml,runs/scheme_03/s03_uni2_scale64_hardw_pseudo_lam0005_20260613/metrics/summary.json,0.8197688631428593,reported,0.8195377262857187,0.82,,250.0,250.0,artifacts/pseudolabels/uni2_scale64_hardw_test/selected_pseudolabels.csv,artifacts/submissions/submission_s03_uni2_scale64_hardw_pseudo_lam0005_20260613.csv,runs/scheme_03/s03_uni2_scale64_hardw_pseudo_lam0005_20260613/predictions/oof_uni2_h__rslora_qkv_proj_r16_no_ema_scale64_hardw_pseudo__pseudo_lora.npz,runs/scheme_03/s03_uni2_scale64_hardw_pseudo_lam0005_20260613/predictions/test_uni2_h__rslora_qkv_proj_r16_no_ema_scale64_hardw_pseudo__pseudo_lora.npz,,True,False,False,False,False,64.0,lam0005
scheme_03,s03_uni2_scale64_hardw_pseudo_lam001_lsmooth003_20260613,uni2_h__rslora_qkv_proj_r16_no_ema_scale64_hardw_pseudo__pseudo_lora,2026-06-12T18:16:49.119167+00:00,configs/scheme_03/pseudo_lora_uni2_scale64_hardw_lam001_lsmooth003.yaml,runs/scheme_03/s03_uni2_scale64_hardw_pseudo_lam001_lsmooth003_20260613/metrics/summary.json,0.8188060527057538,reported,0.8176121054115075,0.8200000000000001,,250.0,250.0,artifacts/pseudolabels/uni2_scale64_hardw_test/selected_pseudolabels.csv,artifacts/submissions/submission_s03_uni2_scale64_hardw_pseudo_lam001_lsmooth003_20260613.csv,runs/scheme_03/s03_uni2_scale64_hardw_pseudo_lam001_lsmooth003_20260613/predictions/oof_uni2_h__rslora_qkv_proj_r16_no_ema_scale64_hardw_pseudo__pseudo_lora.npz,runs/scheme_03/s03_uni2_scale64_hardw_pseudo_lam001_lsmooth003_20260613/predictions/test_uni2_h__rslora_qkv_proj_r16_no_ema_scale64_hardw_pseudo__pseudo_lora.npz,,True,False,False,False,False,64.0,lam001
scheme_03,s03_uni2_scale64_hardw_pseudo_lam001_lsmooth000_20260613,uni2_h__rslora_qkv_proj_r16_no_ema_scale64_hardw_pseudo__pseudo_lora,2026-06-12T18:45:33.302478+00:00,configs/scheme_03/pseudo_lora_uni2_scale64_hardw_lam001_lsmooth000.yaml,runs/scheme_03/s03_uni2_scale64_hardw_pseudo_lam001_lsmooth000_20260613/metrics/summary.json,0.8163115768405725,reported,0.816623153681145,0.8160000000000001,,250.0,250.0,artifacts/pseudolabels/uni2_scale64_hardw_test/selected_pseudolabels.csv,artifacts/submissions/submission_s03_uni2_scale64_hardw_pseudo_lam001_lsmooth000_20260613.csv,runs/scheme_03/s03_uni2_scale64_hardw_pseudo_lam001_lsmooth000_20260613/predictions/oof_uni2_h__rslora_qkv_proj_r16_no_ema_scale64_hardw_pseudo__pseudo_lora.npz,runs/scheme_03/s03_uni2_scale64_hardw_pseudo_lam001_lsmooth000_20260613/predictions/test_uni2_h__rslora_qkv_proj_r16_no_ema_scale64_hardw_pseudo__pseudo_lora.npz,,True,False,False,False,False,64.0,lam001
scheme_03,s03_uni2_scale64_hardw_pseudo_lam002_cv_20260613,uni2_h__rslora_qkv_proj_r16_no_ema_scale64_hardw_pseudo__pseudo_lora,2026-06-12T17:13:05.630835+00:00,configs/scheme_03/pseudo_lora_uni2_scale64_hardw_lam002.yaml,runs/scheme_03/s03_uni2_scale64_hardw_pseudo_lam002_cv_20260613/metrics/summary.json,0.8121546123923479,reported,0.8123092247846957,0.812,,250.0,130.0,artifacts/pseudolabels/uni2_scale64_hardw_select/selected_pseudolabels.csv,artifacts/submissions/submission_s03_uni2_scale64_hardw_pseudo_lam002_cv_20260613.csv,runs/scheme_03/s03_uni2_scale64_hardw_pseudo_lam002_cv_20260613/predictions/oof_uni2_h__rslora_qkv_proj_r16_no_ema_scale64_hardw_pseudo__pseudo_lora.npz,runs/scheme_03/s03_uni2_scale64_hardw_pseudo_lam002_cv_20260613/predictions/test_uni2_h__rslora_qkv_proj_r16_no_ema_scale64_hardw_pseudo__pseudo_lora.npz,,True,False,False,False,False,64.0,lam002
scheme_03,s03_uni2_scale64_hardw_pseudo_lam002_20260612,uni2_h__rslora_qkv_proj_r16_no_ema_scale64_hardw_pseudo__pseudo_lora,2026-06-12T17:48:13.837854+00:00,configs/scheme_03/pseudo_lora_uni2_scale64_hardw_lam002.yaml,runs/scheme_03/s03_uni2_scale64_hardw_pseudo_lam002_20260612/metrics/summary.json,0.8118075162250656,reported,0.8116150324501312,0.812,,250.0,250.0,artifacts/pseudolabels/uni2_scale64_hardw_test/selected_pseudolabels.csv,artifacts/submissions/submission_s03_uni2_scale64_hardw_pseudo_lam002_20260612.csv,runs/scheme_03/s03_uni2_scale64_hardw_pseudo_lam002_20260612/predictions/oof_uni2_h__rslora_qkv_proj_r16_no_ema_scale64_hardw_pseudo__pseudo_lora.npz,runs/scheme_03/s03_uni2_scale64_hardw_pseudo_lam002_20260612/predictions/test_uni2_h__rslora_qkv_proj_r16_no_ema_scale64_hardw_pseudo__pseudo_lora.npz,,True,False,False,False,False,64.0,lam002
scheme_03,s03_uni2_scale64_hardw_pseudo_lam001_focal05_20260613,uni2_h__rslora_qkv_proj_r16_no_ema_scale64_hardw_pseudo__pseudo_lora,2026-06-12T19:17:41.577315+00:00,configs/scheme_03/pseudo_lora_uni2_scale64_hardw_lam001_focal05.yaml,runs/scheme_03/s03_uni2_scale64_hardw_pseudo_lam001_focal05_20260613/metrics/summary.json,0.8031377295877236,reported,0.8022754591754472,0.804,,250.0,250.0,artifacts/pseudolabels/uni2_scale64_hardw_test/selected_pseudolabels.csv,artifacts/submissions/submission_s03_uni2_scale64_hardw_pseudo_lam001_focal05_20260613.csv,runs/scheme_03/s03_uni2_scale64_hardw_pseudo_lam001_focal05_20260613/predictions/oof_uni2_h__rslora_qkv_proj_r16_no_ema_scale64_hardw_pseudo__pseudo_lora.npz,runs/scheme_03/s03_uni2_scale64_hardw_pseudo_lam001_focal05_20260613/predictions/test_uni2_h__rslora_qkv_proj_r16_no_ema_scale64_hardw_pseudo__pseudo_lora.npz,,True,False,False,False,False,64.0,lam001
scheme_03,s03_scheme02b_best_single_refit,,2026-06-10T21:05:05.160997+00:00,configs/scheme_03/fusion_single_refit_best.yaml,runs/scheme_03/s03_scheme02b_best_single_refit/metrics/summary.json,0.7184942938219055,reported,0.7169885876438111,0.72,,,,,,,,,False,False,True,False,True,,
scheme_03,s03_scheme02b_best_pseudo_a_lam002_single_refit,,2026-06-11T08:00:01.086675+00:00,configs/scheme_03/fusion_pseudo_single_refit_a_lam002.yaml,runs/scheme_03/s03_scheme02b_best_pseudo_a_lam002_single_refit/metrics/summary.json,0.7159615167174229,reported,0.7159230334348459,0.716,,,,artifacts/pseudolabels/s02_strategy_a_test/selected_pseudolabels.csv,artifacts/submissions/submission_s03_scheme02b_best_pseudo_a_lam002_single_refit.csv,,,,True,False,True,False,True,,lam002
scheme_03,s03_uni2_scale64_hardw_pseudo_lam002_fold0_20260613,uni2_h__rslora_qkv_proj_r16_no_ema_scale64_hardw_pseudo__pseudo_lora,2026-06-12T16:25:51.569304+00:00,configs/scheme_03/pseudo_lora_uni2_scale64_hardw_lam002_fold0.yaml,runs/scheme_03/s03_uni2_scale64_hardw_pseudo_lam002_fold0_20260613/metrics/summary.json,0.3064769485737243,reported,0.28895389714744873,0.32399999999999995,,250.0,130.0,artifacts/pseudolabels/uni2_scale64_hardw_select/selected_pseudolabels.csv,artifacts/submissions/submission_s03_uni2_scale64_hardw_pseudo_lam002_fold0_20260613.csv,runs/scheme_03/s03_uni2_scale64_hardw_pseudo_lam002_fold0_20260613/predictions/oof_uni2_h__rslora_qkv_proj_r16_no_ema_scale64_hardw_pseudo__pseudo_lora.npz,runs/scheme_03/s03_uni2_scale64_hardw_pseudo_lam002_fold0_20260613/predictions/test_uni2_h__rslora_qkv_proj_r16_no_ema_scale64_hardw_pseudo__pseudo_lora.npz,,True,False,False,False,False,64.0,lam002
scheme_03,pytest_scheme03_pseudo,,2026-06-16T09:06:41.460726+00:00,/tmp/pytest-of-root/pytest-52/test_pseudo_retrain_weighted_l0/retrain.json,runs/scheme_03/pytest_scheme03_pseudo/metrics/summary.json,,,,,,,,/tmp/pytest-of-root/pytest-52/test_pseudo_retrain_weighted_l0/pseudo/selected_pseudolabels.csv,,,,,True,False,False,True,False,,
scheme_03,s03_uni2_scale64_hardw_pseudo_lam001_single_refit_20260613,uni2_h__rslora_qkv_proj_r16_no_ema_scale64_hardw_pseudo__pseudo_lora,2026-06-12T21:06:09.830609+00:00,configs/scheme_03/pseudo_lora_uni2_scale64_hardw_lam001_single_refit.yaml,runs/scheme_03/s03_uni2_scale64_hardw_pseudo_lam001_single_refit_20260613/metrics/summary.json,,,,,,250.0,250.0,artifacts/pseudolabels/uni2_scale64_hardw_test/selected_pseudolabels.csv,artifacts/submissions/submission_s03_uni2_scale64_hardw_pseudo_lam001_single_refit_20260613.csv,,runs/scheme_03/s03_uni2_scale64_hardw_pseudo_lam001_single_refit_20260613/predictions/test_uni2_h__rslora_qkv_proj_r16_no_ema_scale64_hardw_pseudo__pseudo_lora__single_refit.npz,,True,False,False,False,True,64.0,lam001
scheme_03,s03_uni2_scale64_hardw_pseudo_lam002_iter2_soft150_single_refit_20260613,uni2_h__rslora_qkv_proj_r16_no_ema_scale64_hardw_pseudo__pseudo_lora,2026-06-13T00:54:19.544238+00:00,configs/scheme_03/pseudo_lora_uni2_scale64_hardw_lam002_iter2_soft150_single_refit.yaml,runs/scheme_03/s03_uni2_scale64_hardw_pseudo_lam002_iter2_soft150_single_refit_20260613/metrics/summary.json,,,,,,250.0,750.0,artifacts/pseudolabels/uni2_scale64_hardw_pseudo_lam001_iter2_soft150_test/selected_pseudolabels.csv,artifacts/submissions/submission_s03_uni2_scale64_hardw_pseudo_lam002_iter2_soft150_single_refit_20260613.csv,,runs/scheme_03/s03_uni2_scale64_hardw_pseudo_lam002_iter2_soft150_single_refit_20260613/predictions/test_uni2_h__rslora_qkv_proj_r16_no_ema_scale64_hardw_pseudo__pseudo_lora__single_refit.npz,,True,False,False,False,True,64.0,lam002
